/*
SQLyog Ultimate v10.00 Beta1
MySQL - 5.5.62 : Database - studentmanagement
*********************************************************************
*/

/*!40101 SET NAMES utf8 */;

/*!40101 SET SQL_MODE=''*/;

/*!40014 SET @OLD_UNIQUE_CHECKS=@@UNIQUE_CHECKS, UNIQUE_CHECKS=0 */;
/*!40014 SET @OLD_FOREIGN_KEY_CHECKS=@@FOREIGN_KEY_CHECKS, FOREIGN_KEY_CHECKS=0 */;
/*!40101 SET @OLD_SQL_MODE=@@SQL_MODE, SQL_MODE='NO_AUTO_VALUE_ON_ZERO' */;
/*!40111 SET @OLD_SQL_NOTES=@@SQL_NOTES, SQL_NOTES=0 */;
CREATE DATABASE /*!32312 IF NOT EXISTS*/`studentmanagement` /*!40100 DEFAULT CHARACTER SET utf8 */;

USE `studentmanagement`;

/*Table structure for table `admin` */

DROP TABLE IF EXISTS `admin`;

CREATE TABLE `admin` (
  `uname` varchar(50) NOT NULL,
  `pwd` varchar(50) NOT NULL,
  PRIMARY KEY (`uname`)
) ENGINE=InnoDB DEFAULT CHARSET=utf8;

/*Data for the table `admin` */

insert  into `admin`(`uname`,`pwd`) values ('1','1'),('a','a'),('lisi','123'),('zhangsan','zhangsan'),('张三','999');

/*Table structure for table `stu_grade` */

DROP TABLE IF EXISTS `stu_grade`;

CREATE TABLE `stu_grade` (
  `id` int(11) NOT NULL AUTO_INCREMENT,
  `stu_num` char(10) DEFAULT NULL COMMENT '学号',
  `stu_year` varchar(50) DEFAULT 'CURRENT_TIMESTAMP' COMMENT '年份',
  `stu_grade` int(11) DEFAULT '0' COMMENT '成绩',
  `stu_term` int(11) DEFAULT NULL COMMENT '学期',
  PRIMARY KEY (`id`),
  KEY `stu_grade_ibfk_1` (`stu_num`),
  CONSTRAINT `stu_grade_ibfk_1` FOREIGN KEY (`stu_num`) REFERENCES `stu_info` (`stu_num`) ON DELETE CASCADE ON UPDATE CASCADE
) ENGINE=InnoDB AUTO_INCREMENT=3916 DEFAULT CHARSET=utf8;

/*Data for the table `stu_grade` */

insert  into `stu_grade`(`id`,`stu_num`,`stu_year`,`stu_grade`,`stu_term`) values (3552,'4444314965','2018',103,2),(3553,'4444314965','2019',150,1),(3554,'4444314965','2019',54,2),(3567,'4625698458','2017',41,1),(3568,'4625698458','2017',112,2),(3569,'4625698458','2018',12,1),(3570,'4625698458','2018',60,2),(3571,'4625698458','2019',113,1),(3572,'4625698458','2019',116,2),(3573,'4646446464','2017',78,1),(3574,'4646446464','2017',74,2),(3575,'4646446464','2018',78,1),(3576,'4646446464','2018',147,2),(3577,'4646446464','2019',21,1),(3578,'4646446464','2019',71,2),(3579,'4672692000','2017',75,1),(3580,'4672692000','2017',13,2),(3581,'4672692000','2018',31,1),(3582,'4672692000','2018',82,2),(3583,'4672692000','2019',60,1),(3584,'4672692000','2019',79,2),(3585,'4783511795','2017',19,1),(3586,'4783511795','2017',55,2),(3587,'4783511795','2018',73,1),(3588,'4783511795','2018',143,2),(3589,'4783511795','2019',33,1),(3590,'4783511795','2019',83,2),(3591,'4783583952','2017',12,1),(3592,'4783583952','2017',141,2),(3593,'4783583952','2018',130,1),(3594,'4783583952','2018',60,2),(3595,'4783583952','2019',73,1),(3596,'4783583952','2019',53,2),(3597,'4868559245','2017',42,1),(3598,'4868559245','2017',88,2),(3599,'4868559245','2018',43,1),(3600,'4868559245','2018',97,2),(3601,'4868559245','2019',45,1),(3602,'4868559245','2019',118,2),(3603,'5036068766','2017',3,1),(3604,'5036068766','2017',61,2),(3605,'5036068766','2018',55,1),(3606,'5036068766','2018',109,2),(3607,'5036068766','2019',123,1),(3608,'5036068766','2019',49,2),(3609,'5037159956','2017',24,1),(3610,'5037159956','2017',46,2),(3611,'5037159956','2018',64,1),(3612,'5037159956','2018',139,2),(3613,'5037159956','2019',1,1),(3614,'5037159956','2019',10,2),(3615,'5196372982','2017',145,1),(3616,'5196372982','2017',61,2),(3617,'5196372982','2018',0,1),(3618,'5196372982','2018',82,2),(3619,'5196372982','2019',54,1),(3620,'5196372982','2019',146,2),(3621,'5517457395','2017',109,1),(3622,'5517457395','2017',116,2),(3623,'5517457395','2018',121,1),(3624,'5517457395','2018',34,2),(3625,'5517457395','2019',37,1),(3626,'5517457395','2019',47,2),(3627,'5628127453','2017',110,1),(3628,'5628127453','2017',55,2),(3629,'5628127453','2018',46,1),(3630,'5628127453','2018',28,2),(3631,'5628127453','2019',109,1),(3632,'5628127453','2019',135,2),(3633,'5661216355','2017',145,1),(3634,'5661216355','2017',52,2),(3635,'5661216355','2018',99,1),(3636,'5661216355','2018',32,2),(3637,'5661216355','2019',141,1),(3638,'5661216355','2019',143,2),(3639,'5856869984','2017',98,1),(3640,'5856869984','2017',6,2),(3641,'5856869984','2018',91,1),(3642,'5856869984','2018',85,2),(3643,'5856869984','2019',145,1),(3644,'5856869984','2019',104,2),(3645,'6008023326','2017',50,1),(3646,'6008023326','2017',105,2),(3647,'6008023326','2018',125,1),(3648,'6008023326','2018',116,2),(3649,'6008023326','2019',142,1),(3650,'6008023326','2019',41,2),(3651,'6137263031','2017',31,1),(3652,'6137263031','2017',107,2),(3653,'6137263031','2018',66,1),(3654,'6137263031','2018',117,2),(3655,'6137263031','2019',14,1),(3656,'6137263031','2019',112,2),(3657,'6165873881','2017',139,1),(3658,'6165873881','2017',28,2),(3659,'6165873881','2018',45,1),(3660,'6165873881','2018',41,2),(3661,'6165873881','2019',51,1),(3662,'6165873881','2019',4,2),(3663,'6340016623','2017',5,1),(3664,'6340016623','2017',17,2),(3665,'6340016623','2018',22,1),(3666,'6340016623','2018',28,2),(3667,'6340016623','2019',49,1),(3668,'6340016623','2019',84,2),(3669,'6341923172','2017',54,1),(3670,'6341923172','2017',94,2),(3671,'6341923172','2018',76,1),(3672,'6341923172','2018',86,2),(3673,'6341923172','2019',28,1),(3674,'6341923172','2019',24,2),(3675,'6394461109','2017',146,1),(3676,'6394461109','2017',19,2),(3677,'6394461109','2018',103,1),(3678,'6394461109','2018',71,2),(3679,'6394461109','2019',47,1),(3680,'6394461109','2019',9,2),(3681,'6440849610','2017',6,1),(3682,'6440849610','2017',43,2),(3683,'6440849610','2018',98,1),(3684,'6440849610','2018',103,2),(3685,'6440849610','2019',120,1),(3686,'6440849610','2019',102,2),(3687,'6572689820','2017',6,1),(3688,'6572689820','2017',93,2),(3689,'6572689820','2018',45,1),(3690,'6572689820','2018',104,2),(3691,'6572689820','2019',68,1),(3692,'6572689820','2019',56,2),(3693,'6613745515','2017',91,1),(3694,'6613745515','2017',9,2),(3695,'6613745515','2018',60,1),(3696,'6613745515','2018',82,2),(3697,'6613745515','2019',142,1),(3698,'6613745515','2019',55,2),(3699,'6666666666','2017',37,1),(3700,'6666666666','2017',75,2),(3701,'6666666666','2018',20,1),(3702,'6666666666','2018',115,2),(3703,'6666666666','2019',91,1),(3704,'6666666666','2019',128,2),(3705,'7067990738','2017',117,1),(3706,'7067990738','2017',87,2),(3707,'7067990738','2018',108,1),(3708,'7067990738','2018',23,2),(3709,'7067990738','2019',13,1),(3710,'7067990738','2019',64,2),(3711,'7102105473','2017',75,1),(3712,'7102105473','2017',98,2),(3713,'7102105473','2018',142,1),(3714,'7102105473','2018',60,2),(3715,'7102105473','2019',22,1),(3716,'7102105473','2019',33,2),(3717,'7134510992','2017',102,1),(3718,'7134510992','2017',67,2),(3719,'7134510992','2018',78,1),(3720,'7134510992','2018',150,2),(3721,'7134510992','2019',5,1),(3722,'7134510992','2019',148,2),(3723,'7319706291','2017',22,1),(3724,'7319706291','2017',88,2),(3725,'7319706291','2018',74,1),(3726,'7319706291','2018',49,2),(3727,'7319706291','2019',124,1),(3728,'7319706291','2019',33,2),(3729,'7522793573','2017',98,1),(3730,'7522793573','2017',106,2),(3731,'7522793573','2018',114,1),(3732,'7522793573','2018',94,2),(3733,'7522793573','2019',52,1),(3734,'7522793573','2019',13,2),(3735,'7700864594','2017',3,1),(3736,'7700864594','2017',137,2),(3737,'7700864594','2018',99,1),(3738,'7700864594','2018',40,2),(3739,'7700864594','2019',82,1),(3740,'7700864594','2019',46,2),(3741,'7717931151','2017',54,1),(3742,'7717931151','2017',42,2),(3743,'7717931151','2018',53,1),(3744,'7717931151','2018',6,2),(3745,'7717931151','2019',31,1),(3746,'7717931151','2019',70,2),(3747,'7807516996','2017',95,1),(3748,'7807516996','2017',68,2),(3749,'7807516996','2018',109,1),(3750,'7807516996','2018',21,2),(3751,'7807516996','2019',56,1),(3752,'7807516996','2019',119,2),(3753,'7868824791','2017',58,1),(3754,'7868824791','2017',31,2),(3755,'7868824791','2018',121,1),(3756,'7868824791','2018',146,2),(3757,'7868824791','2019',133,1),(3758,'7868824791','2019',111,2),(3759,'7887532509','2017',53,1),(3760,'7887532509','2017',34,2),(3761,'7887532509','2018',28,1),(3762,'7887532509','2018',132,2),(3763,'7887532509','2019',20,1),(3764,'7887532509','2019',26,2),(3765,'8064372493','2017',16,1),(3766,'8064372493','2017',55,2),(3767,'8064372493','2018',145,1),(3768,'8064372493','2018',121,2),(3769,'8064372493','2019',148,1),(3770,'8064372493','2019',40,2),(3771,'8127200211','2017',105,1),(3772,'8127200211','2017',57,2),(3773,'8127200211','2018',93,1),(3774,'8127200211','2018',60,2),(3775,'8127200211','2019',21,1),(3776,'8127200211','2019',42,2),(3777,'8149256123','2017',116,1),(3778,'8149256123','2017',86,2),(3779,'8149256123','2018',70,1),(3780,'8149256123','2018',80,2),(3781,'8149256123','2019',140,1),(3782,'8149256123','2019',57,2),(3783,'8259551580','2017',131,1),(3784,'8259551580','2017',103,2),(3785,'8259551580','2018',126,1),(3786,'8259551580','2018',39,2),(3787,'8259551580','2019',43,1),(3788,'8259551580','2019',80,2),(3789,'8455369226','2017',124,1),(3790,'8455369226','2017',18,2),(3791,'8455369226','2018',93,1),(3792,'8455369226','2018',40,2),(3793,'8455369226','2019',110,1),(3794,'8455369226','2019',110,2),(3795,'8474122418','2017',92,1),(3796,'8474122418','2017',53,2),(3797,'8474122418','2018',36,1),(3798,'8474122418','2018',3,2),(3799,'8474122418','2019',68,1),(3800,'8474122418','2019',101,2),(3801,'8573173651','2017',78,1),(3802,'8573173651','2017',13,2),(3803,'8573173651','2018',70,1),(3804,'8573173651','2018',49,2),(3805,'8573173651','2019',8,1),(3806,'8573173651','2019',137,2),(3807,'8663648425','2017',9,1),(3808,'8663648425','2017',103,2),(3809,'8663648425','2018',118,1),(3810,'8663648425','2018',72,2),(3811,'8663648425','2019',93,1),(3812,'8663648425','2019',19,2),(3813,'8665815081','2017',69,1),(3814,'8665815081','2017',16,2),(3815,'8665815081','2018',66,1),(3816,'8665815081','2018',59,2),(3817,'8665815081','2019',142,1),(3818,'8665815081','2019',124,2),(3819,'8814571640','2017',22,1),(3820,'8814571640','2017',33,2),(3821,'8814571640','2018',59,1),(3822,'8814571640','2018',79,2),(3823,'8814571640','2019',95,1),(3824,'8814571640','2019',73,2),(3825,'8888888888','2017',101,1),(3826,'8888888888','2017',133,2),(3827,'8888888888','2018',113,1),(3828,'8888888888','2018',141,2),(3829,'8888888888','2019',37,1),(3830,'8888888888','2019',1,2),(3831,'9038549155','2017',8,1),(3832,'9038549155','2017',23,2),(3833,'9038549155','2018',92,1),(3834,'9038549155','2018',135,2),(3835,'9038549155','2019',81,1),(3836,'9038549155','2019',65,2),(3837,'9156210354','2017',136,1),(3838,'9156210354','2017',26,2),(3839,'9156210354','2018',27,1),(3840,'9156210354','2018',113,2),(3841,'9156210354','2019',98,1),(3842,'9156210354','2019',52,2),(3843,'9166042566','2017',13,1),(3844,'9166042566','2017',15,2),(3845,'9166042566','2018',103,1),(3846,'9166042566','2018',84,2),(3847,'9166042566','2019',89,1),(3848,'9166042566','2019',22,2),(3849,'9242033234','2017',61,1),(3850,'9242033234','2017',95,2),(3851,'9242033234','2018',16,1),(3852,'9242033234','2018',36,2),(3853,'9242033234','2019',121,1),(3854,'9242033234','2019',117,2),(3855,'9267053899','2017',116,1),(3856,'9267053899','2017',80,2),(3857,'9267053899','2018',111,1),(3858,'9267053899','2018',81,2),(3859,'9267053899','2019',139,1),(3860,'9267053899','2019',20,2),(3861,'9524793331','2017',72,1),(3862,'9524793331','2017',134,2),(3863,'9524793331','2018',6,1),(3864,'9524793331','2018',3,2),(3865,'9524793331','2019',64,1),(3866,'9524793331','2019',130,2),(3867,'9554888086','2017',93,1),(3868,'9554888086','2017',107,2),(3869,'9554888086','2018',112,1),(3870,'9554888086','2018',62,2),(3871,'9554888086','2019',78,1),(3872,'9554888086','2019',52,2),(3873,'9576002292','2017',44,1),(3874,'9576002292','2017',104,2),(3875,'9576002292','2018',89,1),(3876,'9576002292','2018',75,2),(3877,'9576002292','2019',84,1),(3878,'9576002292','2019',75,2),(3879,'9597781049','2017',26,1),(3880,'9597781049','2017',68,2),(3881,'9597781049','2018',68,1),(3882,'9597781049','2018',145,2),(3883,'9597781049','2019',125,1),(3884,'9597781049','2019',86,2),(3885,'9608966270','2017',130,1),(3886,'9608966270','2017',38,2),(3887,'9608966270','2018',14,1),(3888,'9608966270','2018',129,2),(3889,'9608966270','2019',65,1),(3890,'9608966270','2019',83,2),(3891,'9785500541','2017',25,1),(3892,'9785500541','2017',96,2),(3893,'9785500541','2018',94,1),(3894,'9785500541','2018',38,2),(3895,'9785500541','2019',103,1),(3896,'9785500541','2019',4,2),(3897,'9959314509','2017',61,1),(3898,'9959314509','2017',126,2),(3899,'9959314509','2018',47,1),(3900,'9959314509','2018',82,2),(3901,'9959314509','2019',149,1),(3902,'9959314509','2019',102,2),(3903,'9985237247','2017',79,1),(3904,'9985237247','2017',25,2),(3905,'9985237247','2018',108,1),(3906,'9985237247','2018',85,2),(3907,'9985237247','2019',76,1),(3908,'9985237247','2019',117,2),(3909,'4444314965','2020',110,1),(3914,'1700999999','2017',100,1),(3915,'1700999999','2017',150,2);

/*Table structure for table `stu_graduate` */

DROP TABLE IF EXISTS `stu_graduate`;

CREATE TABLE `stu_graduate` (
  `stu_num` char(10) NOT NULL,
  `stu_outtime` datetime NOT NULL COMMENT '学生毕业时间',
  PRIMARY KEY (`stu_num`),
  CONSTRAINT `stu_graduate_ibfk_1` FOREIGN KEY (`stu_num`) REFERENCES `stu_info` (`stu_num`) ON DELETE CASCADE ON UPDATE CASCADE
) ENGINE=InnoDB DEFAULT CHARSET=utf8;

/*Data for the table `stu_graduate` */

insert  into `stu_graduate`(`stu_num`,`stu_outtime`) values ('4444314965','2019-11-06 22:17:44'),('4625698458','2019-11-06 22:17:44'),('4646446464','2019-11-07 07:56:07'),('4672692000','2019-11-06 22:17:44'),('4783511795','2019-11-06 22:17:44'),('4783583952','2019-11-06 22:17:44'),('4868559245','2019-11-06 22:17:44'),('5036068766','2019-11-06 22:17:44'),('5037159956','2019-11-06 22:17:44'),('5196372982','2019-11-06 22:17:44'),('5517457395','2019-11-06 22:17:44'),('5628127453','2019-11-06 22:17:44'),('5661216355','2019-11-06 22:17:44'),('5856869984','2019-11-06 22:17:44'),('6008023326','2019-11-06 22:17:44'),('6137263031','2019-11-06 22:17:44'),('6165873881','2019-11-06 22:17:44'),('6340016623','2019-11-06 22:17:44'),('6341923172','2019-11-06 22:17:44'),('6394461109','2019-11-06 22:17:44'),('6440849610','2019-11-06 22:17:44'),('6572689820','2019-11-06 22:17:44'),('6613745515','2019-11-06 22:17:44'),('6666666666','2019-11-07 07:56:07'),('7067990738','2019-11-06 22:17:44'),('7102105473','2019-11-06 22:17:44'),('7134510992','2019-11-06 22:17:44'),('7319706291','2019-11-06 22:17:44'),('7522793573','2019-11-06 22:17:44'),('7700864594','2019-11-06 22:17:44'),('7717931151','2019-11-06 22:17:44'),('7807516996','2019-11-06 22:17:44'),('7868824791','2019-11-06 22:17:44'),('7887532509','2019-11-06 22:17:44'),('8064372493','2019-11-06 22:17:44'),('8127200211','2019-11-06 22:17:44'),('8149256123','2019-11-06 22:17:44'),('8259551580','2019-11-06 22:17:44'),('8455369226','2019-11-06 22:17:44'),('8474122418','2019-11-06 22:17:44'),('8573173651','2019-11-06 22:17:44'),('8663648425','2019-11-06 22:17:44'),('8665815081','2019-11-06 22:17:44'),('8814571640','2019-11-06 22:17:44'),('8888888888','2019-11-07 07:56:08'),('9038549155','2019-11-06 22:17:44'),('9156210354','2019-11-06 22:17:44'),('9166042566','2019-11-06 22:17:44'),('9242033234','2019-11-06 22:17:44'),('9267053899','2019-11-06 22:17:44'),('9524793331','2019-11-06 22:17:44'),('9554888086','2019-11-06 22:17:44'),('9576002292','2019-11-06 22:17:44'),('9597781049','2019-11-06 22:17:44'),('9608966270','2019-11-06 22:17:44'),('9785500541','2019-11-06 22:17:44'),('9959314509','2019-11-06 22:17:44'),('9985237247','2019-11-06 22:17:44');

/*Table structure for table `stu_info` */

DROP TABLE IF EXISTS `stu_info`;

CREATE TABLE `stu_info` (
  `stu_num` char(10) NOT NULL COMMENT '学号',
  `stu_ident` char(18) DEFAULT NULL COMMENT '身份证号',
  `stu_name` varchar(50) NOT NULL,
  `stu_age` int(11) DEFAULT NULL,
  `stu_sex` char(20) DEFAULT NULL,
  `stu_class` varchar(50) DEFAULT NULL,
  `stu_bir` datetime NOT NULL,
  `stu_intime` datetime NOT NULL COMMENT '入学时间',
  `stu_major` varchar(80) DEFAULT NULL,
  `stu_politics` varchar(40) DEFAULT NULL COMMENT '政治面貌',
  `stu_nation` varchar(80) DEFAULT NULL COMMENT '名族',
  `stu_addr` varchar(200) DEFAULT NULL COMMENT '家庭地址',
  `stu_status` varchar(80) DEFAULT NULL COMMENT '学籍状态',
  `stu_avatar` varchar(1000) DEFAULT NULL COMMENT '头像地址',
  PRIMARY KEY (`stu_num`),
  KEY `stu_info_ibfk_1` (`stu_status`)
) ENGINE=InnoDB DEFAULT CHARSET=utf8;

/*Data for the table `stu_info` */

insert  into `stu_info`(`stu_num`,`stu_ident`,`stu_name`,`stu_age`,`stu_sex`,`stu_class`,`stu_bir`,`stu_intime`,`stu_major`,`stu_politics`,`stu_nation`,`stu_addr`,`stu_status`,`stu_avatar`) values ('1700999999','112233455678978542','小鱼儿',55,'男','1班','2019-11-07 00:00:00','2019-11-07 00:00:00','计算机科学与技术','共青团员','汉族','广东省XXXX市XXXXX县ABCD路某小区某栋某X层XXXXX门牌号','优秀','img/default.png'),('4444314965','528835742105887508','name88',88,'男','计算机88班级','2019-11-06 22:15:06','2019-11-06 22:15:06','计算机科学与技术','群众','维吾尔族','广东省深圳市区XX省XX县','合格','img/9.png'),('4444455556','112233455678978542','张三123',55,'女','1班','2019-11-07 00:00:00','2019-11-15 00:00:00','计算机科学与技术','共青团员','汉族','广东省XXXX市XXXXX县ABCD路某小区某栋某X层XXXXX门牌号','优秀','img/default.png'),('4625698458','815144564056660037','name94',94,'男','计算机94班级','2019-11-06 22:15:06','2019-11-06 22:15:06','计算机科学与技术','群众','维吾尔族','广东省深圳市区XX省XX县','合格','img/5.png'),('4646446464','112233455678978542','张三',55,'男','1班','2019-11-07 00:00:00','2019-11-07 00:00:00','计算机科学与技术','共青团员','汉族','广东省XXXX市XXXXX县ABCD路某小区某栋某X层XXXXX门牌号','优秀','img/avatar.jpg'),('4672692000','647701903858283490','name82',82,'男','计算机82班级','2019-11-06 22:15:06','2019-11-06 22:15:06','计算机科学与技术','群众','维吾尔族','广东省深圳市区XX省XX县','合格','img/3.png'),('4783511795','340650568843019599','name60',60,'男','计算机60班级','2019-11-06 22:15:06','2019-11-06 22:15:06','计算机科学与技术','团员','汉族','广东省广州市区XX省XX县','优秀','img/1.png'),('4783583952','847182413044223009','name22',22,'男','计算机22班级','2019-11-06 22:15:06','2019-11-06 22:15:06','计算机科学与技术','群众','维吾尔族','广东省深圳市区XX省XX县','合格','img/3.png'),('4868559245','158351114384056136','name79',79,'女','计算机79班级','2019-11-06 22:15:06','2019-11-06 22:15:06','会计','群众','维吾尔族','广东省深圳市区XX省XX县','合格','img/10.png'),('5036068766','637300682909150574','name35',35,'女','计算机35班级','2019-11-06 22:15:06','2019-11-06 22:15:06','会计','群众','维吾尔族','广东省深圳市区XX省XX县','合格','img/6.png'),('5037159956','157112340085312254','name14',14,'男','计算机14班级','2019-11-06 22:15:06','2019-11-06 22:15:06','计算机科学与技术','群众','维吾尔族','广东省深圳市区XX省XX县','合格','img/5.png'),('5196372982','037962479895896047','name69',69,'女','计算机69班级','2019-11-06 22:15:06','2019-11-06 22:15:06','会计','团员','汉族','广东省广州市区XX省XX县','优秀','img/10.png'),('5517457395','768616565948180794','name29',29,'女','计算机29班级','2019-11-06 22:15:06','2019-11-06 22:15:06','会计','群众','维吾尔族','广东省深圳市区XX省XX县','合格','img/10.png'),('5628127453','524253207401445889','name46',46,'男','计算机46班级','2019-11-06 22:15:06','2019-11-06 22:15:06','计算机科学与技术','群众','维吾尔族','广东省深圳市区XX省XX县','合格','img/7.png'),('5661216355','388614668297250671','name11',11,'女','计算机11班级','2019-11-06 22:15:06','2019-11-06 22:15:06','会计','群众','维吾尔族','广东省深圳市区XX省XX县','合格','img/2.png'),('5856869984','370757631686228666','name2',2,'男','计算机2班级','2019-11-06 22:15:06','2019-11-06 22:15:06','计算机科学与技术','群众','维吾尔族','广东省深圳市区XX省XX县','合格','img/3.png'),('6008023326','491261572684916450','name36',36,'男','计算机36班级','2019-11-06 22:15:06','2019-11-06 22:15:06','计算机科学与技术','团员','汉族','广东省广州市区XX省XX县','优秀','img/7.png'),('6137263031','268528226601582755','name13',13,'女','计算机13班级','2019-11-06 22:15:06','2019-11-06 22:15:06','会计','群众','维吾尔族','广东省深圳市区XX省XX县','合格','img/4.png'),('6165873881','384448489082475210','name91',91,'女','计算机91班级','2019-11-06 22:15:06','2019-11-06 22:15:06','会计','群众','维吾尔族','广东省深圳市区XX省XX县','合格','img/2.png'),('6340016623','064792880155087286','name99',99,'女','计算机99班级','2019-11-06 22:15:06','2019-11-06 22:15:06','会计','团员','汉族','广东省广州市区XX省XX县','优秀','img/10.png'),('6341923172','428343431696581476','name98',98,'男','计算机98班级','2019-11-06 22:15:06','2019-11-06 22:15:06','计算机科学与技术','群众','维吾尔族','广东省深圳市区XX省XX县','合格','img/9.png'),('6394461109','879316375285117352','name78',78,'男','计算机78班级','2019-11-06 22:15:06','2019-11-06 22:15:06','计算机科学与技术','团员','汉族','广东省广州市区XX省XX县','优秀','img/9.png'),('6440849610','733466072264215954','name27',27,'女','计算机27班级','2019-11-06 22:15:06','2019-11-06 22:15:06','会计','团员','汉族','广东省广州市区XX省XX县','优秀','img/8.png'),('6572689820','631901485111492463','name18',18,'男','计算机18班级','2019-11-06 22:15:06','2019-11-06 22:15:06','计算机科学与技术','团员','汉族','广东省广州市区XX省XX县','优秀','img/9.png'),('6613745515','303945527777452845','name48',48,'男','计算机48班级','2019-11-06 22:15:06','2019-11-06 22:15:06','计算机科学与技术','团员','汉族','广东省广州市区XX省XX县','优秀','img/9.png'),('6666666666','1234','李四',88,'男','ss','2019-11-07 00:00:00','2019-11-07 00:00:00','英语','ss','ss','ss','优秀','img/avatar.jpg'),('7067990738','439380212741484700','name7',7,'女','计算机7班级','2019-11-06 22:15:06','2019-11-06 22:15:06','会计','群众','维吾尔族','广东省深圳市区XX省XX县','合格','img/8.png'),('7102105473','001146548126101456','name45',45,'女','计算机45班级','2019-11-06 22:15:06','2019-11-06 22:15:06','会计','团员','汉族','广东省广州市区XX省XX县','优秀','img/6.png'),('7134510992','201127345240187655','name17',17,'女','计算机17班级','2019-11-06 22:15:06','2019-11-06 22:15:06','会计','群众','维吾尔族','广东省深圳市区XX省XX县','合格','img/8.png'),('7319706291','122912854207297418','name47',47,'女','计算机47班级','2019-11-06 22:15:06','2019-11-06 22:15:06','会计','群众','维吾尔族','广东省深圳市区XX省XX县','合格','img/8.png'),('7522793573','327376210457593315','name97',97,'女','计算机97班级','2019-11-06 22:15:06','2019-11-06 22:15:06','会计','群众','维吾尔族','广东省深圳市区XX省XX县','合格','img/8.png'),('7700864594','269957587030594157','name37',37,'女','计算机37班级','2019-11-06 22:15:06','2019-11-06 22:15:06','会计','群众','维吾尔族','广东省深圳市区XX省XX县','合格','img/8.png'),('7717931151','150172758556238502','name58',58,'男','计算机58班级','2019-11-06 22:15:06','2019-11-06 22:15:06','计算机科学与技术','群众','维吾尔族','广东省深圳市区XX省XX县','合格','img/9.png'),('7807516996','431174863252958176','name1',1,'女','计算机1班级','2019-11-06 22:15:06','2019-11-06 22:15:06','会计','群众','维吾尔族','广东省深圳市区XX省XX县','合格','img/2.png'),('7868824791','438735180439578175','name40',40,'男','计算机40班级','2019-11-06 22:15:06','2019-11-06 22:15:06','计算机科学与技术','群众','维吾尔族','广东省深圳市区XX省XX县','合格','img/1.png'),('7887532509','298284855329031823','name56',56,'男','计算机56班级','2019-11-06 22:15:06','2019-11-06 22:15:06','计算机科学与技术','群众','维吾尔族','广东省深圳市区XX省XX县','合格','img/7.png'),('8064372493','470820217787860773','name10',10,'男','计算机10班级','2019-11-06 22:15:06','2019-11-06 22:15:06','计算机科学与技术','群众','维吾尔族','广东省深圳市区XX省XX县','合格','img/1.png'),('8127200211','284720802939150773','name50',50,'男','计算机50班级','2019-11-06 22:15:06','2019-11-06 22:15:06','计算机科学与技术','群众','维吾尔族','广东省深圳市区XX省XX县','合格','img/1.png'),('8149256123','995176290995697431','name66',66,'男','计算机66班级','2019-11-06 22:15:06','2019-11-06 22:15:06','计算机科学与技术','团员','汉族','广东省广州市区XX省XX县','优秀','img/7.png'),('8259551580','703777342777731386','name16',16,'男','计算机16班级','2019-11-06 22:15:06','2019-11-06 22:15:06','计算机科学与技术','群众','维吾尔族','广东省深圳市区XX省XX县','合格','img/7.png'),('8455369226','112769380630598569','name32',32,'男','计算机32班级','2019-11-06 22:15:06','2019-11-06 22:15:06','计算机科学与技术','群众','维吾尔族','广东省深圳市区XX省XX县','合格','img/3.png'),('8474122418','813165482350557294','name61',61,'女','计算机61班级','2019-11-06 22:15:06','2019-11-06 22:15:06','会计','群众','维吾尔族','广东省深圳市区XX省XX县','合格','img/2.png'),('8573173651','953659909161769542','name33',33,'女','计算机33班级','2019-11-06 22:15:06','2019-11-06 22:15:06','会计','团员','汉族','广东省广州市区XX省XX县','优秀','img/4.png'),('8663648425','948369883553712342','name5',5,'女','计算机5班级','2019-11-06 22:15:06','2019-11-06 22:15:06','会计','群众','维吾尔族','广东省深圳市区XX省XX县','合格','img/6.png'),('8665815081','616457248841786559','name25',25,'女','计算机25班级','2019-11-06 22:15:06','2019-11-06 22:15:06','会计','群众','维吾尔族','广东省深圳市区XX省XX县','合格','img/6.png'),('8814571640','507096806820854909','name15',15,'女','计算机15班级','2019-11-06 22:15:06','2019-11-06 22:15:06','会计','团员','汉族','广东省广州市区XX省XX县','优秀','img/6.png'),('8888888888','112233455678978542','88先生',55,'男','1班','2019-11-07 00:00:00','2019-11-07 00:00:00','计算机科学与技术','共青团员','汉族','广东省XXXX市XXXXX县ABCD路某小区某栋某X层XXXXX门牌号','优秀','img/avatar.jpg'),('9038549155','197478242172383691','name64',64,'男','计算机64班级','2019-11-06 22:15:06','2019-11-06 22:15:06','计算机科学与技术','群众','维吾尔族','广东省深圳市区XX省XX县','合格','img/5.png'),('9156210354','482022327375239538','name75',75,'女','计算机75班级','2019-11-06 22:15:06','2019-11-06 22:15:06','会计','团员','汉族','广东省广州市区XX省XX县','优秀','img/6.png'),('9166042566','627910087401264731','name85',85,'女','计算机85班级','2019-11-06 22:15:06','2019-11-06 22:15:06','会计','群众','维吾尔族','广东省深圳市区XX省XX县','合格','img/6.png'),('9242033234','851263076697297298','name89',89,'女','计算机89班级','2019-11-06 22:15:06','2019-11-06 22:15:06','会计','群众','维吾尔族','广东省深圳市区XX省XX县','合格','img/10.png'),('9267053899','318362149653969507','name42',42,'男','计算机42班级','2019-11-06 22:15:06','2019-11-06 22:15:06','计算机科学与技术','团员','汉族','广东省广州市区XX省XX县','优秀','img/3.png'),('9524793331','250881121103205221','name76',76,'男','计算机76班级','2019-11-06 22:15:06','2019-11-06 22:15:06','计算机科学与技术','群众','维吾尔族','广东省深圳市区XX省XX县','合格','img/7.png'),('9554888086','926188914897505302','name93',93,'女','计算机93班级','2019-11-06 22:15:06','2019-11-06 22:15:06','会计','团员','汉族','广东省广州市区XX省XX县','优秀','img/4.png'),('9576002292','391318807169698685','name43',43,'女','计算机43班级','2019-11-06 22:15:06','2019-11-06 22:15:06','会计','群众','维吾尔族','广东省深圳市区XX省XX县','合格','img/4.png'),('9597781049','993075682755747102','name63',63,'女','计算机63班级','2019-11-06 22:15:06','2019-11-06 22:15:06','会计','团员','汉族','广东省广州市区XX省XX县','优秀','img/4.png'),('9608966270','411617613122782444','name71',71,'女','计算机71班级','2019-11-06 22:15:06','2019-11-06 22:15:06','会计','群众','维吾尔族','广东省深圳市区XX省XX县','合格','img/2.png'),('9785500541','865773394023872839','name87',87,'女','计算机87班级','2019-11-06 22:15:06','2019-11-06 22:15:06','会计','团员','汉族','广东省广州市区XX省XX县','优秀','img/8.png'),('9959314509','199356756540836313','name67',67,'女','计算机67班级','2019-11-06 22:15:06','2019-11-06 22:15:06','会计','群众','维吾尔族','广东省深圳市区XX省XX县','合格','img/8.png'),('9985237247','492259148305183535','name8',8,'男','计算机8班级','2019-11-06 22:15:06','2019-11-06 22:15:06','计算机科学与技术','群众','维吾尔族','广东省深圳市区XX省XX县','合格','img/9.png');

/*Table structure for table `v_stu_grade` */

DROP TABLE IF EXISTS `v_stu_grade`;

/*!50001 DROP VIEW IF EXISTS `v_stu_grade` */;
/*!50001 DROP TABLE IF EXISTS `v_stu_grade` */;

/*!50001 CREATE TABLE  `v_stu_grade`(
 `stu_num` char(10) ,
 `grade_year` varchar(50) ,
 `term1` int(11) ,
 `term2` int(11) 
)*/;

/*View structure for view v_stu_grade */

/*!50001 DROP TABLE IF EXISTS `v_stu_grade` */;
/*!50001 DROP VIEW IF EXISTS `v_stu_grade` */;

/*!50001 CREATE ALGORITHM=UNDEFINED DEFINER=`root`@`localhost` SQL SECURITY DEFINER VIEW `v_stu_grade` AS select `g1`.`stu_num` AS `stu_num`,`g1`.`stu_year` AS `grade_year`,`g1`.`stu_grade` AS `term1`,`g2`.`stu_grade` AS `term2` from (`stu_grade` `g1` left join `stu_grade` `g2` on(((`g1`.`stu_num` = `g2`.`stu_num`) and (`g1`.`stu_term` <> `g2`.`stu_term`) and (`g1`.`stu_year` = `g2`.`stu_year`)))) */;

/*!40101 SET SQL_MODE=@OLD_SQL_MODE */;
/*!40014 SET FOREIGN_KEY_CHECKS=@OLD_FOREIGN_KEY_CHECKS */;
/*!40014 SET UNIQUE_CHECKS=@OLD_UNIQUE_CHECKS */;
/*!40111 SET SQL_NOTES=@OLD_SQL_NOTES */;
